,url
0,https://fastengroup.ru/catalog/krovelnyy-krepezh/dyubel-krovelnyy-roks/roks_20/
1,https://fastengroup.ru/catalog/krovelnyy-krepezh/dyubel-krovelnyy-roks/roks_50/
2,https://fastengroup.ru/catalog/krovelnyy-krepezh/dyubel-krovelnyy-roks/roks_60/
3,https://fastengroup.ru/catalog/krovelnyy-krepezh/dyubel-krovelnyy-roks/roks_80/
4,https://fastengroup.ru/catalog/krovelnyy-krepezh/dyubel-krovelnyy-roks/roks_100/
5,https://fastengroup.ru/catalog/krovelnyy-krepezh/dyubel-krovelnyy-roks/roks_120/
6,https://fastengroup.ru/catalog/krovelnyy-krepezh/dyubel-krovelnyy-roks/roks_130/
7,https://fastengroup.ru/catalog/krovelnyy-krepezh/dyubel-krovelnyy-roks/roks_140/
8,https://fastengroup.ru/catalog/krovelnyy-krepezh/dyubel-krovelnyy-roks/roks_150/
9,https://fastengroup.ru/catalog/krovelnyy-krepezh/dyubel-krovelnyy-roks/roks_170/
10,https://fastengroup.ru/catalog/krovelnyy-krepezh/dyubel-krovelnyy-roks/roks_180/
11,https://fastengroup.ru/catalog/krovelnyy-krepezh/dyubel-krovelnyy-roks/roks_190/
12,https://fastengroup.ru/catalog/krovelnyy-krepezh/dyubel-krovelnyy-roks/roks_200/
13,https://fastengroup.ru/catalog/krovelnyy-krepezh/dyubel-krovelnyy-roks/roks_220/
14,https://fastengroup.ru/catalog/krovelnyy-krepezh/dyubel-krovelnyy-roks/roks_240/
15,https://fastengroup.ru/catalog/krovelnyy-krepezh/dyubel-krovelnyy-roks/roks_260/
16,https://fastengroup.ru/catalog/krovelnyy-krepezh/dyubel-krovelnyy-vintovoy-roks/roks_70B/
17,https://fastengroup.ru/catalog/krovelnyy-krepezh/dyubel-krovelnyy-vintovoy-roks/roks_90B/
18,https://fastengroup.ru/catalog/krovelnyy-krepezh/dyubel-krovelnyy-vintovoy-roks/roks_110B/
19,https://fastengroup.ru/catalog/krovelnyy-krepezh/dyubel-krovelnyy-vintovoy-roks/roks_130B/
20,https://fastengroup.ru/catalog/krovelnyy-krepezh/dyubel-krovelnyy-vintovoy-roks/roks_150B/
21,https://fastengroup.ru/catalog/krovelnyy-krepezh/dyubel-krovelnyy-vintovoy-roks/roks_170B/
23,https://fastengroup.ru/catalog/fasadnyy-krepezh-evofast/td-8-m3-evofast/evofast_td_8x100_m3/
24,https://fastengroup.ru/catalog/fasadnyy-krepezh-evofast/td-8-m3-evofast/evofast_td_8x120_m3/
25,https://fastengroup.ru/catalog/fasadnyy-krepezh-evofast/td-8-m3-evofast/evofast_td_8x140_m3/
26,https://fastengroup.ru/catalog/fasadnyy-krepezh-evofast/td-8-m3-evofast/evofast_td_8x160_m3/
27,https://fastengroup.ru/catalog/fasadnyy-krepezh-evofast/td-8-m3-evofast/evofast_td_8x180_m3/
28,https://fastengroup.ru/catalog/fasadnyy-krepezh-evofast/td-8-m3-evofast/evofast_td_8x200_m3/
29,https://fastengroup.ru/catalog/fasadnyy-krepezh-evofast/td-8-m3-evofast/evofast_td_8x220_m3/
30,https://fastengroup.ru/catalog/fasadnyy-krepezh-evofast/td-8-m3-evofast/evofast_td_8x240_m3/
31,https://fastengroup.ru/catalog/fasadnyy-krepezh-evofast/td-8-m3-evofast/evofast_td_8x260_m3/
32,https://fastengroup.ru/catalog/fasadnyy-krepezh-evofast/td-10-m3/evofast_td_10x100_m3/
33,https://fastengroup.ru/catalog/fasadnyy-krepezh-evofast/td-10-m3/evofast_td_10x120_m3/
34,https://fastengroup.ru/catalog/fasadnyy-krepezh-evofast/td-10-m3/evofast_td_10x140_m3/
35,https://fastengroup.ru/catalog/fasadnyy-krepezh-evofast/td-10-m3/evofast_td_10x160_m3/
36,https://fastengroup.ru/catalog/fasadnyy-krepezh-evofast/td-10-m3/evofast_td_10x180_m3/
37,https://fastengroup.ru/catalog/fasadnyy-krepezh-evofast/td-10-m3/evofast_td_10x200_m3/
38,https://fastengroup.ru/catalog/fasadnyy-krepezh-evofast/td-10-m3/evofast_td_10x220_m3/
39,https://fastengroup.ru/catalog/fasadnyy-krepezh-evofast/td-10-m3/evofast_td_10x240_m3/
40,https://fastengroup.ru/catalog/fasadnyy-krepezh-evofast/td-10-m3/evofast_td_10x260_m3/
41,https://fastengroup.ru/catalog/fasadnyy-krepezh-evofast/td-10-m3/evofast_td_10x300_m3/
42,https://fastengroup.ru/catalog/fasadnyy-krepezh-evofast/td-8-p1/evofast_td_8x100_p1/
43,https://fastengroup.ru/catalog/fasadnyy-krepezh-evofast/td-8-p1/evofast_td_8x120_p1/
44,https://fastengroup.ru/catalog/fasadnyy-krepezh-evofast/td-8-p1/evofast_td_8x140_p1/
45,https://fastengroup.ru/catalog/fasadnyy-krepezh-evofast/td-8-p1/evofast_td_8x160_p1/
46,https://fastengroup.ru/catalog/fasadnyy-krepezh-evofast/td-8-p1/evofast_td_8x180_p1/
47,https://fastengroup.ru/catalog/fasadnyy-krepezh-evofast/td-8-p1/evofast_td_8x200_p1/
48,"https://fastengroup.ru/catalog/krepezhnye-elementy/vint-sverlokonechnyy-fbd-roks/fbd_4,8x60/"
49,"https://fastengroup.ru/catalog/krepezhnye-elementy/vint-sverlokonechnyy-fbd-roks/fbd_4,8x70/"
50,"https://fastengroup.ru/catalog/krepezhnye-elementy/vint-sverlokonechnyy-fbd-roks/fbd_4,8x80/"
51,"https://fastengroup.ru/catalog/krepezhnye-elementy/vint-sverlokonechnyy-fbd-roks/fbd_4,8x100/"
52,"https://fastengroup.ru/catalog/krepezhnye-elementy/vint-sverlokonechnyy-fbd-roks/fbd_4,8x120/"
53,"https://fastengroup.ru/catalog/krepezhnye-elementy/vint-sverlokonechnyy-fbd-roks/fbd_4,8x140/"
54,"https://fastengroup.ru/catalog/krepezhnye-elementy/vint-sverlokonechnyy-fbd-roks/fbd_4,8x160/"
55,"https://fastengroup.ru/catalog/krepezhnye-elementy/vint-sverlokonechnyy-fbd-roks/fbd_4,8x200/"
56,"https://fastengroup.ru/catalog/krepezhnye-elementy/vint-sverlokonechnyy-fbd-roks/fbd_4,8x250/"
57,"https://fastengroup.ru/catalog/krepezhnye-elementy/vint-sverlokonechnyy-fbd-roks/fbd_4,8x300/"
58,"https://fastengroup.ru/catalog/krepezhnye-elementy/vint-ostrokonechnyy-fbs-roks/fbs_4,8x60/"
59,"https://fastengroup.ru/catalog/krepezhnye-elementy/vint-ostrokonechnyy-fbs-roks/fbs_4,8x70/"
60,"https://fastengroup.ru/catalog/krepezhnye-elementy/vint-ostrokonechnyy-fbs-roks/fbs_4,8x80/"
61,"https://fastengroup.ru/catalog/krepezhnye-elementy/vint-ostrokonechnyy-fbs-roks/fbs_4,8x100/"
62,"https://fastengroup.ru/catalog/krepezhnye-elementy/vint-ostrokonechnyy-fbs-roks/fbs_4,8x120/"
63,"https://fastengroup.ru/catalog/krepezhnye-elementy/vint-ostrokonechnyy-fbs-roks/fbs_4,8x140/"
64,"https://fastengroup.ru/catalog/krepezhnye-elementy/vint-ostrokonechnyy-fbs-roks/fbs_4,8x160/"
65,"https://fastengroup.ru/catalog/krepezhnye-elementy/vint-ostrokonechnyy-fbs-roks/fbs_4,8x200/"
66,"https://fastengroup.ru/catalog/krepezhnye-elementy/vint-ostrokonechnyy-fbs-roks/fbs_4,8x300/"
67,"https://fastengroup.ru/catalog/krepezhnye-elementy/vint-po-betonu-fcs-roks/fcs_6,3x70/"
68,"https://fastengroup.ru/catalog/krepezhnye-elementy/vint-po-betonu-fcs-roks/fcs_6,3x80/"
69,"https://fastengroup.ru/catalog/krepezhnye-elementy/vint-po-betonu-fcs-roks/fcs_6,3x90/"
70,"https://fastengroup.ru/catalog/krepezhnye-elementy/vint-po-betonu-fcs-roks/fcs-6,3x110/"
71,"https://fastengroup.ru/catalog/krepezhnye-elementy/vint-sverlokonechnyy-ftd-roks/ftd_5,5x35/"
72,"https://fastengroup.ru/catalog/krepezhnye-elementy/vint-sverlokonechnyy-fg2-roks/fg2_4,8x19/"
73,"https://fastengroup.ru/catalog/krepezhnye-elementy/vint-sverlokonechnyy-fg5-roks/fg5_5,5x32/"
74,"https://fastengroup.ru/catalog/krepezhnye-elementy/vint-sverlokonechnyy-fg5-roks/fg5_5,5x38/"
75,"https://fastengroup.ru/catalog/krepezhnye-elementy/vint-sverlokonechnyy-fg5-roks/fg5_5,5x51/"
76,https://fastengroup.ru/catalog/krepezhnye-elementy/poliamidnyy-dyubel-pd1-roks/pd1_8x40/
77,https://fastengroup.ru/catalog/krepezhnye-elementy/poliamidnyy-dyubel-pd2-roks/pd2_8x65/
78,https://fastengroup.ru/catalog/voronki-i-aeratory/voronka-krovelnaya-wigar/110x170/
79,https://fastengroup.ru/catalog/voronki-i-aeratory/voronka-krovelnaya-wigar/110x450/
80,https://fastengroup.ru/catalog/voronki-i-aeratory/voronka-krovelnaya-wigar/110x720/
81,https://fastengroup.ru/catalog/voronki-i-aeratory/voronka-krovelnaya-wigar/160x450/
82,https://fastengroup.ru/catalog/voronki-i-aeratory/voronka-krovelnaya-neobogrevayaemaya/110x170/
83,https://fastengroup.ru/catalog/voronki-i-aeratory/voronka-krovelnaya-neobogrevayaemaya/110x450/
84,https://fastengroup.ru/catalog/voronki-i-aeratory/voronka-krovelnaya-neobogrevayaemaya/110x720/
85,https://fastengroup.ru/catalog/voronki-i-aeratory/voronka-krovelnaya-neobogrevayaemaya/160x450/
86,https://fastengroup.ru/catalog/voronki-i-aeratory/voronka-krovelnaya-pro-wigar/110x250/
87,https://fastengroup.ru/catalog/voronki-i-aeratory/voronka-krovelnaya-pro-wigar/110x600/
88,https://fastengroup.ru/catalog/voronki-i-aeratory/voronka-krovelnaya-pro-neobogrevaemaya/110x250/
89,https://fastengroup.ru/catalog/voronki-i-aeratory/voronka-krovelnaya-pro-neobogrevaemaya/110x600/
90,https://fastengroup.ru/catalog/voronki-i-aeratory/voronka-krovelnaya-perelivnaya-wigar/
91,https://fastengroup.ru/catalog/voronki-i-aeratory/voronka-krovelnaya-parapetnaya-wigar/
92,https://fastengroup.ru/catalog/voronki-i-aeratory/voronka-krovelnaya-dlya-polimerbitumnoy-krovli-wigar/110x250-s-obogrevom/
93,https://fastengroup.ru/catalog/voronki-i-aeratory/voronka-krovelnaya-dlya-polimerbitumnoy-krovli-wigar/110x250/
94,https://fastengroup.ru/catalog/voronki-i-aeratory/voronka-krovelnaya-dlya-polimerbitumnoy-krovli-wigar/110x600-s-obogrevom/
95,https://fastengroup.ru/catalog/voronki-i-aeratory/voronka-krovelnaya-dlya-polimerbitumnoy-krovli-wigar/110x600/
96,https://fastengroup.ru/catalog/voronki-i-aeratory/dvukhurovnevaya-voronka-wigar/obogrev/
97,https://fastengroup.ru/catalog/voronki-i-aeratory/dvukhurovnevaya-voronka-wigar/neobogrev/
98,https://fastengroup.ru/catalog/voronki-i-aeratory/aerator-krovelnyy-konusnyy/110-160x460/
99,https://fastengroup.ru/catalog/voronki-i-aeratory/aerator-krovelnyy-wigar/110x250/
100,https://fastengroup.ru/catalog/voronki-i-aeratory/aerator-krovelnyy-wigar/110x450/
101,https://fastengroup.ru/catalog/voronki-i-aeratory/aerator-krovelnyy-wigar/110x600/
102,https://fastengroup.ru/catalog/voronki-i-aeratory/aerator-krovelnyy-wigar/160x450/
103,https://fastengroup.ru/catalog/voronki-i-aeratory/termokabel-dlya-voronok-wigar/
104,https://fastengroup.ru/catalog/voronki-i-aeratory/listvoulovitel-dlya-voronok-wigar/
105,https://fastengroup.ru/catalog/voronki-i-aeratory/koltso-uplotnitelnoe-dlya-voronok-wigar/
106,https://fastengroup.ru/catalog/voronki-i-aeratory/prizhimnoy-flanets-dlya-voronok-wigar/
107,https://fastengroup.ru/catalog/voronki-i-aeratory/otvod-uglovoy-dlya-voronok-wigar/
108,https://fastengroup.ru/catalog/shayby/krovelnaya-stalnaya-shayba-kssh-1-roks/
109,https://fastengroup.ru/catalog/shayby/krovelnaya-stalnaya-shayba-kssh-2-roks/
110,https://fastengroup.ru/catalog/shayby/krovelnaya-stalnaya-shayba-kssh-3-roks/
111,https://fastengroup.ru/catalog/planki/planka-kraevaya-alyuminievaya-pro-roks/
112,https://fastengroup.ru/catalog/planki/planka-prizhimnaya-alyuminievaya-pro-roks/
113,https://fastengroup.ru/catalog/planki/planka-kraevaya-alyuminievaya-roks/
114,https://fastengroup.ru/catalog/planki/planka-prizhimnaya-alyuminievaya-roks/
115,https://fastengroup.ru/catalog/planki/planka-stalnaya-roks/
116,https://fastengroup.ru/catalog/prochee/podstavka-pod-plitku-roks/
117,https://fastengroup.ru/catalog/prochee/germetik-evoseal/
118,https://fastengroup.ru/catalog/prochee/a-profil-wigar/
119,https://fastengroup.ru/catalog/prochee/nasadka-dvukhstoronnyaya-rn2khph2-roks/ph2xph2x250/
120,https://fastengroup.ru/catalog/prochee/nasadka-dvukhstoronnyaya-rn2khph2-roks/ph2xph2x350/
121,https://fastengroup.ru/catalog/prochee/nasadka-dvukhstoronnyaya-rn2khph2-roks/ph2xph2x500/
122,https://fastengroup.ru/catalog/prochee/nasadka-dvukhstoronnyaya-torx-t30-roks/t30xt30x250/
123,https://fastengroup.ru/catalog/prochee/nasadka-dvukhstoronnyaya-torx-t30-roks/t30xt30x350/
124,https://fastengroup.ru/catalog/prochee/nasadka-dvukhstoronnyaya-torx-t30-roks/t30xt30x500/
125,https://fastengroup.ru/catalog/prochee/nasadka-shestigrannaya-m8-roks/nasadka_shestigrannaya_m8/
